<?xml version="1.0" encoding="UTF-8" standalone="yes"?> 
<addon id="plugin.video.cinemakitty" name="CinemaKitty" version="1.0.1" provider-name="Fantomas"> 
  <requires> 
    <import addon="xbmc.python" version="3.0.0"/> 
    <import addon="inputstream.adaptive" version="19.0.0"/> 
    <import addon="script.module.requests"/> 
  </requires> 
  <extension point="xbmc.python.pluginsource" library="default.py"> 
    <provides>video</provides> 
  </extension> 
  <extension point="xbmc.addon.metadata"> 
    <summary lang="cs_CZ">Přehrávání filmů z Webshare.cz</summary> 
    <description lang="cs_CZ">CinemaKitty je doplněk pro Kodi, který umožňuje vyhledávat a přehrávat filmy z Webshare.</description> 
    <platform>all</platform> 
    <assets> 
      <icon>icon.png</icon> 
    </assets> 
  </extension> 
</addon>
